emp_no,title
11486,"Senior Staff"
11486,Staff
14487,"Senior Staff"
14487,Staff
18006,"Senior Staff"
18006,Staff
18997,"Senior Staff"
18997,Staff
36219,"Senior Staff"
36219,"Senior Staff"
36219,"Senior Staff"
36219,Staff
36219,Staff
36219,Staff
37558,"Senior Staff"
37558,"Senior Staff"
37558,"Senior Staff"
37558,Staff
37558,Staff
37558,Staff
41822,"Senior Staff"
41822,"Senior Staff"
41822,Staff
41822,Staff
43624,"Senior Staff"
43624,"Senior Staff"
43624,"Senior Staff"
43624,"Senior Staff"
43624,"Senior Staff"
43624,"Senior Staff"
43624,"Senior Staff"
43624,Staff
43624,Staff
43624,Staff
43624,Staff
43624,Staff
43624,Staff
43624,Staff
44465,"Senior Staff"
44465,"Senior Staff"
44465,Staff
44465,Staff
46439,"Senior Staff"
46439,"Senior Staff"
46439,"Senior Staff"
46439,Staff
46439,Staff
46439,Staff
47978,"Senior Staff"
47978,"Senior Staff"
47978,"Senior Staff"
47978,"Senior Staff"
53402,"Senior Staff"
53402,Staff
66793,"Senior Staff"
66793,"Senior Staff"
66793,"Senior Staff"
66793,"Senior Staff"
66793,"Senior Staff"
78008,"Senior Staff"
78008,Staff
80823,"Senior Staff"
80823,"Senior Staff"
80823,"Senior Staff"
80823,"Senior Staff"
80823,"Senior Staff"
80823,Staff
80823,Staff
80823,Staff
80823,Staff
80823,Staff
91935,"Senior Staff"
91935,"Senior Staff"
91935,Staff
91935,Staff
102962,"Senior Staff"
102962,"Senior Staff"
102962,"Senior Staff"
102962,"Senior Staff"
109334,"Senior Staff"
109334,"Senior Staff"
109334,"Senior Staff"
109334,"Senior Staff"
109334,"Senior Staff"
109334,"Senior Staff"
109334,"Senior Staff"
109334,"Senior Staff"
109334,Staff
109334,Staff
109334,Staff
109334,Staff
109334,Staff
109334,Staff
109334,Staff
109334,Staff
205000,"Senior Staff"
205000,"Senior Staff"
205000,"Senior Staff"
205000,"Senior Staff"
205000,Staff
205000,Staff
205000,Staff
205000,Staff
210661,"Senior Staff"
210661,Staff
232753,"Senior Staff"
232753,"Senior Staff"
232753,Staff
232753,Staff
237542,"Senior Staff"
237542,"Senior Staff"
237542,"Senior Staff"
237542,"Senior Staff"
237542,Staff
237542,Staff
237542,Staff
237542,Staff
237674,"Senior Staff"
237674,Staff
238117,"Senior Staff"
238117,"Senior Staff"
238117,"Senior Staff"
238117,Staff
238117,Staff
238117,Staff
246120,"Senior Staff"
246120,"Senior Staff"
246120,Staff
246120,Staff
253939,"Senior Staff"
253939,"Senior Staff"
253939,"Senior Staff"
253939,"Senior Staff"
253939,"Senior Staff"
254466,"Senior Staff"
254466,"Senior Staff"
254466,"Senior Staff"
254466,"Senior Staff"
254466,"Senior Staff"
254466,Staff
254466,Staff
254466,Staff
254466,Staff
254466,Staff
257360,"Senior Staff"
257360,Staff
258761,"Senior Staff"
258761,Staff
263955,"Senior Staff"
263955,"Senior Staff"
266526,"Senior Staff"
266526,"Senior Staff"
266526,"Senior Staff"
266526,"Senior Staff"
266526,"Senior Staff"
272431,"Senior Staff"
272431,Staff
276633,"Senior Staff"
276633,"Senior Staff"
276633,"Senior Staff"
276633,"Senior Staff"
276633,Staff
276633,Staff
276633,Staff
276633,Staff
279776,"Senior Staff"
279776,"Senior Staff"
279776,Staff
279776,Staff
400122,"Senior Staff"
400122,Staff
415751,"Senior Staff"
415751,Staff
422084,"Senior Staff"
422084,Staff
447849,"Senior Staff"
466852,"Senior Staff"
466852,Staff
492164,"Senior Staff"
492164,"Senior Staff"
492164,"Senior Staff"
493158,"Senior Staff"
493158,"Senior Staff"
493158,"Senior Staff"
493158,"Senior Staff"
493158,"Senior Staff"
493158,"Senior Staff"
493158,"Senior Staff"
493158,Staff
493158,Staff
493158,Staff
493158,Staff
493158,Staff
493158,Staff
493158,Staff
